<?xml version="1.0" encoding="UTF-8"?>
<CATALOG xsi:noNamespaceSchemaLocation="odx-cc.xsd" xmlns:xsi="http://www.w3.org/2001/XMLSchema-instance">
    <SHORT-NAME>MQBAB</SHORT-NAME>
    <ADMIN-DATA>
        <LANGUAGE>deu</LANGUAGE>
        <DOC-REVISIONS>
            <DOC-REVISION>
                <REVISION-LABEL>0.14</REVISION-LABEL>
                <STATE>RELEASE</STATE>
                <DATE>2010-06-28T15:23:44</DATE>
                <TOOL>Version42, Release 3.6.1 (build 0351)</TOOL>
                <MODIFICATIONS>
                    <MODIFICATION>
                        <CHANGE>generiert</CHANGE>
                        <REASON>PDX</REASON>
                    </MODIFICATION>
                </MODIFICATIONS>
            </DOC-REVISION>
        </DOC-REVISIONS>
    </ADMIN-DATA>
    <ABLOCKS>
        <ABLOCK UPD="UNCHANGED">
            <SHORT-NAME>ISO_OBD_on_ISO_15765_4_002003_odx</SHORT-NAME>
            <CATEGORY>ODX-DATA</CATEGORY>
            <FILES>
                <FILE CREATION-DATE="2009-11-16" MIME-TYPE="text/xml">ISO_OBD_on_ISO_15765_4_002003.odx</FILE>
            </FILES>
        </ABLOCK>
        <ABLOCK UPD="UNCHANGED">
            <SHORT-NAME>ES_DataLibra_001006_odx</SHORT-NAME>
            <CATEGORY>ODX-DATA</CATEGORY>
            <FILES>
                <FILE CREATION-DATE="2009-11-16" MIME-TYPE="text/xml">ES_DataLibra_001006.odx</FILE>
            </FILES>
        </ABLOCK>
        <ABLOCK UPD="UNCHANGED">
            <SHORT-NAME>FG_AllUDSSyste_002003_odx</SHORT-NAME>
            <CATEGORY>ODX-DATA</CATEGORY>
            <FILES>
                <FILE CREATION-DATE="2009-11-16" MIME-TYPE="text/xml">FG_AllUDSSyste_002003.odx</FILE>
            </FILES>
        </ABLOCK>
        <ABLOCK UPD="UNCHANGED">
            <SHORT-NAME>ISO_15765_3_on_ISO_15765_2_002008_odx</SHORT-NAME>
            <CATEGORY>ODX-DATA</CATEGORY>
            <FILES>
                <FILE CREATION-DATE="2009-11-16" MIME-TYPE="text/xml">ISO_15765_3_on_ISO_15765_2_002008.odx</FILE>
            </FILES>
        </ABLOCK>
        <ABLOCK UPD="UNCHANGED">
            <SHORT-NAME>PR_UDSOnCAN_002007_odx</SHORT-NAME>
            <CATEGORY>ODX-DATA</CATEGORY>
            <FILES>
                <FILE CREATION-DATE="2009-11-16" MIME-TYPE="text/xml">PR_UDSOnCAN_002007.odx</FILE>
            </FILES>
        </ABLOCK>
        <ABLOCK UPD="UNCHANGED">
            <SHORT-NAME>3SOFT_jobs_jar</SHORT-NAME>
            <CATEGORY>ODX-JOB</CATEGORY>
            <FILES>
                <FILE CREATION-DATE="2008-05-08" MIME-TYPE="application/x-java-archive">3SOFT_jobs.jar</FILE>
            </FILES>
        </ABLOCK>
        <ABLOCK UPD="UNCHANGED">
            <SHORT-NAME>in2soft_jobs_jar</SHORT-NAME>
            <CATEGORY>ODX-JOB</CATEGORY>
            <FILES>
                <FILE CREATION-DATE="2008-05-08" MIME-TYPE="application/x-java-archive">in2soft_jobs.jar</FILE>
            </FILES>
        </ABLOCK>
        <ABLOCK UPD="UNCHANGED">
            <SHORT-NAME>VWAudi_jobs_jar</SHORT-NAME>
            <CATEGORY>ODX-JOB</CATEGORY>
            <FILES>
                <FILE CREATION-DATE="2008-05-08" MIME-TYPE="application/x-java-archive">VWAudi_jobs.jar</FILE>
            </FILES>
        </ABLOCK>
        <ABLOCK UPD="UNCHANGED">
            <SHORT-NAME>VWAudi_jobs2_jar</SHORT-NAME>
            <CATEGORY>ODX-JOB</CATEGORY>
            <FILES>
                <FILE CREATION-DATE="2008-05-08" MIME-TYPE="application/x-java-archive">VWAudi_jobs2.jar</FILE>
            </FILES>
        </ABLOCK>
        <ABLOCK UPD="UNCHANGED">
            <SHORT-NAME>VI_MQBAB_001001_odx</SHORT-NAME>
            <CATEGORY>ODX-DATA</CATEGORY>
            <FILES>
                <FILE CREATION-DATE="2010-06-28" MIME-TYPE="text/xml">VI_MQBAB_001001.odx</FILE>
            </FILES>
        </ABLOCK>
        <ABLOCK>
            <SHORT-NAME>BV_Brake1UDS_007001_odx</SHORT-NAME>
            <CATEGORY>ODX-DATA</CATEGORY>
            <FILES>
                <FILE CREATION-DATE="2010-07-02+02:00" MIME-TYPE="text/xml">BV_Brake1UDS_007001.odx</FILE>
            </FILES>
        </ABLOCK>
        <ABLOCK>
            <SHORT-NAME>EV_Brake1ABS90BOSCH_002012_odx</SHORT-NAME>
            <CATEGORY>ODX-DATA</CATEGORY>
            <FILES>
                <FILE CREATION-DATE="2011-01-17+01:00" MIME-TYPE="text/xml">EV_Brake1ABS90BOSCH_002012.odx</FILE>
            </FILES>
        </ABLOCK>
        <ABLOCK>
            <SHORT-NAME>EV_Brake1ABS90BOSCH_001009_odx</SHORT-NAME>
            <CATEGORY>ODX-DATA</CATEGORY>
            <FILES>
                <FILE CREATION-DATE="2011-07-21+02:00" MIME-TYPE="text/xml">EV_Brake1ABS90BOSCH_001009.odx</FILE>
            </FILES>
        </ABLOCK>
    </ABLOCKS>
</CATALOG>