<SW-CNT>
  <IDENT>
    <CNT-DATEI>PRG_15_VWMQBA0----_ALL_RB_DimAus_PTP_X2.xml</CNT-DATEI>
    <CNT-VERSION-INHALT>--X2</CNT-VERSION-INHALT>
    <CNT-VERSION-DATUM>10-05-2016</CNT-VERSION-DATUM>
  </IDENT>
  <DATENBEREICHE>
    <DATENBEREICH>
      <DATEN-NAME>PRG_15_VWMQBA0----_ALL_RB_DimAus_PTP_X2</DATEN-NAME>
      <DATEN-FORMAT-NAME>DFN_HEX</DATEN-FORMAT-NAME>
      <START-ADR>0x00010002</START-ADR>
      <GROESSE-DEKOMPRIMIERT>0x46</GROESSE-DEKOMPRIMIERT>
      <DATEN>0x01,0x00,0x2D,0x2D,0x2D,0x2D,0x2d,0x2d,0x58,0x32,0x2D,0x2D,0x2D,0x2D,0x00,0x02,0x03,0x04,0x06,0x07,0x08,0x0A,0x11,0x1A,0x24,0x2D,0x36,0x3F,0x49,0x52,0x5C,0x64,0x02,0x03,0x04,0x06,0x07,0x08,0x0A,0x11,0x1A,0x24,0x2D,0x36,0x3F,0x49,0x52,0x5C,0x64,0x02,0x03,0x04,0x06,0x07,0x08,0x0A,0x11,0x1A,0x24,0x2D,0x36,0x3F,0x49,0x52,0x5C,0x64,0xA6,0x18,0x35,0x4E</DATEN>
    </DATENBEREICH>
  </DATENBEREICHE>
</SW-CNT>